,Bib,Name,Tier,Club,Run1,Run2,Best_Time,Points
0,1,JenniferHsiung,1,Mitch Perreault,54.02,52.8,52.8,2.0
11,13,KevinBrown,2,Mitch Perreault,47.47,48.49,47.47,7.0
20,22,RichardFridman,3,Mitch Perreault,44.94,45.01,44.94,7.0
28,30,MitchPerreault,4,Mitch Perreault,43.81,43.93,43.81,7.0
36,38,SheriRamshaw,5,Mitch Perreault,44.06,45.21,44.06,7.0
39,41,LindaLeistner,6,Mitch Perreault,44.71,44.46,44.46,3.0
49,51,KevinBeattie,7,Mitch Perreault,41.19,40.39,40.39,7.0
55,57,VaylenPetrella,8,Mitch Perreault,42.23,9999.0,42.23,2.0
67,70,ShaneHambly,9,Mitch Perreault,40.22,41.25,40.22,4.0
74,77,BrandonHune,10,Mitch Perreault,37.55,37.61,37.55,6.0
83,105,ElaineKilmerChoi,11,Mitch Perreault,32.85,9999.0,32.85,4.0
91,114,SachaFiand,12,Mitch Perreault,26.52,27.89,26.52,8.0
94,117,KylaTaylor,13,Mitch Perreault,35.61,9998.0,35.61,3.0
1,2,MauriceCacho,1,Will Carter,50.27,45.89,45.89,6.0
9,11,SarahLalonde,2,Will Carter,9999.0,9999.0,9999.0,0.0
22,24,AudunBredur,3,Will Carter,9999.0,9999.0,9999.0,0.0
26,28,TusharMehta,4,Will Carter,44.47,44.61,44.47,5.0
33,35,JamieHaggart,5,Will Carter,9999.0,9999.0,9999.0,0.0
45,47,KevinKilmerChoi,6,Will Carter,43.68,43.23,43.23,4.0
52,54,PeterDaly,7,Will Carter,42.62,9998.0,42.62,4.0
57,59,SeanCotnam,8,Will Carter,39.07,40.41,39.07,8.0
66,69,WilliamCartar,9,Will Carter,37.65,9998.0,37.65,8.0
73,76,McleanWood,10,Will Carter,9998.0,9999.0,9998.0,2.0
79,101,JoelFarber,11,Will Carter,9998.0,26.47,26.47,8.0
92,115,LindaLeistner,12,Will Carter,34.26,9999.0,34.26,4.0
96,120,HannahKilmerChoi,13,Will Carter,25.41,25.34,25.34,8.0
0,4,JustinRosenberg,1,Stephanie Coward,46.74,46.66,46.66,5.0
1,14,AlexHenry,2,Stephanie Coward,46.39,47.6,46.39,8.0
2,17,MarkSandell,3,Stephanie Coward,48.78,9999.0,48.78,5.0
3,31,TonyPetrella,4,Stephanie Coward,46.6,48.96,46.6,4.0
4,34,JocelynFrench,5,Stephanie Coward,46.0,48.52,46.0,5.0
5,48,HughMcCormick,6,Stephanie Coward,42.42,9999.0,42.42,7.0
6,55,MarkLaurie,7,Stephanie Coward,40.15,40.2,40.15,8.0
7,62,JohnGlover,8,Stephanie Coward,9999.0,9999.0,9999.0,0.0
8,73,StephanieCoward,9,Stephanie Coward,39.46,39.28,39.28,6.0
9,81,LauraCoward,10,Stephanie Coward,39.93,40.34,39.93,3.0
10,119,JennaLivingston,13,Stephanie Coward,27.78,27.4,27.4,7.0
11,,,11,Stephanie Coward,,,,4.5
12,,,12,Stephanie Coward,,,,4.5
3,5,DavidRosenblatt,1,Mike McTaggart,44.44,44.77,44.44,8.0
8,10,BrentNorrey,2,Mike McTaggart,9999.0,9999.0,9999.0,0.0
17,19,NicholasArgiros,3,Mike McTaggart,9999.0,9999.0,9999.0,0.0
30,32,JosephBellissimo,4,Mike McTaggart,9999.0,9999.0,9999.0,0.0
34,36,LisaBugler,5,Mike McTaggart,44.89,44.86,44.86,6.0
40,42,RobReid,6,Mike McTaggart,43.0,42.7,42.7,6.0
51,53,GillianCartar,7,Mike McTaggart,9999.0,9999.0,9999.0,0.0
58,60,RobertHawtin,8,Mike McTaggart,40.72,41.81,40.72,3.0
69,72,KennethStoneham,9,Mike McTaggart,9999.0,9999.0,9999.0,0.0
75,78,MikeMcTaggart,10,Mike McTaggart,9999.0,9999.0,9999.0,0.0
85,107,TerenceWoodside,11,Mike McTaggart,28.72,9999.0,28.72,7.0
86,108,DanielSimmonsStubbs,12,Mike McTaggart,33.05,9999.0,33.05,5.0
93,116,MelanieLeistnerLavoie,13,Mike McTaggart,29.41,29.0,29.0,4.0
4,6,AdamSzakacs,1,Don French ,51.73,50.88,50.88,3.0
7,9,BernardOegema,2,Don French ,51.66,51.4,51.4,4.0
16,18,GilNayot,3,Don French ,45.39,43.92,43.92,8.0
23,25,KevinMcLoughlin,4,Don French ,9999.0,9999.0,9999.0,0.0
35,37,DavidEva,5,Don French ,42.98,43.11,42.98,8.0
42,44,ToddRobertson,6,Don French ,41.7,41.99,41.7,8.0
50,52,DonFrench,7,Don French ,41.75,41.55,41.55,5.0
59,61,BradBrock,8,Don French ,39.65,40.53,39.65,7.0
68,71,NeilHubley,9,Don French ,39.67,9999.0,39.67,5.0
72,75,NicholasBalan,10,Don French ,37.17,37.64,37.17,8.0
82,104,SteveCrawford,11,Don French ,30.94,32.38,30.94,5.0
88,110,RobertMilthorpe,12,Don French ,9999.0,9999.0,9999.0,0.0
99,123,BernardOegema,13,Don French ,28.97,30.17,28.97,5.0
0,7,EricRosen,1,Joanna Perreault,47.84,47.22,47.22,4.0
1,15,PeterLivingston,2,Joanna Perreault,52.58,50.66,50.66,5.0
2,23,TroyHarrison,3,Joanna Perreault,49.25,56.82,49.25,4.0
3,29,JoshErlick,4,Joanna Perreault,41.84,42.13,41.84,8.0
4,39,StephenLewis,5,Joanna Perreault,9999.0,9999.0,9999.0,0.0
5,45,ChrisReid,6,Joanna Perreault,9999.0,9999.0,9999.0,0.0
6,56,JoannaPerreault,7,Joanna Perreault,41.09,42.52,41.09,6.0
7,58,RobertSmejkal,8,Joanna Perreault,40.1,39.79,39.79,6.0
8,68,PeterMoorhead,9,Joanna Perreault,9999.0,9999.0,9999.0,0.0
9,79,ThomasDaly,10,Joanna Perreault,37.67,38.14,37.67,5.0
10,102,SarahLedwidge,11,Joanna Perreault,30.58,33.57,30.58,6.0
11,109,MackenzieHamilton,12,Joanna Perreault,26.61,29.83,26.61,7.0
12,,,13,Joanna Perreault,,,,4.5
6,8,JonathanAmbeault,1,Adam Grossman,45.26,47.86,45.26,7.0
14,16,ZefuDai,2,Adam Grossman,48.67,48.61,48.61,6.0
19,21,EricaReid,3,Adam Grossman,9999.0,9999.0,9999.0,0.0
24,26,LeonardDrimmer,4,Adam Grossman,9999.0,9999.0,9999.0,0.0
38,40,EarlDuffy,5,Adam Grossman,9999.0,9999.0,9999.0,0.0
44,46,CraigPitman,6,Adam Grossman,9999.0,9999.0,9999.0,0.0
48,50,AdamGrossman,7,Adam Grossman,9999.0,9999.0,9999.0,0.0
61,63,BrookHamilton,8,Adam Grossman,40.79,40.52,40.52,4.0
63,66,JeffCox,9,Adam Grossman,9999.0,9999.0,9999.0,0.0
77,80,WillStewart,10,Adam Grossman,41.86,37.43,37.43,7.0
84,106,DenaSilverberg,11,Adam Grossman,35.09,35.49,35.09,3.0
90,112,DarcyMcDonald,12,Adam Grossman,9999.0,9999.0,9999.0,0.0
98,122,KevinKilmerChoi,13,Adam Grossman,9998.0,37.08,37.08,2.0
0,12,ShannaReid,2,Graham Ramshaw ,9999.0,9999.0,9999.0,0.0
1,20,RachelMegitt,3,Graham Ramshaw ,47.76,47.17,47.17,6.0
2,27,StevenBollinger,4,Graham Ramshaw ,44.94,44.46,44.46,6.0
3,33,ToriAbbott,5,Graham Ramshaw ,48.61,48.84,48.61,4.0
4,43,LauraLibby,6,Graham Ramshaw ,43.58,42.82,42.82,5.0
5,49,MelanieLeistnerLavoie,7,Graham Ramshaw ,9998.0,43.03,43.03,3.0
6,64,DavidGarber,8,Graham Ramshaw ,40.23,41.26,40.23,5.0
7,67,JasonPark,9,Graham Ramshaw ,39.18,9998.0,39.18,7.0
8,74,GrahamRamshaw,10,Graham Ramshaw ,37.89,37.88,37.88,4.0
9,103,MarkSandell,11,Graham Ramshaw ,9999.0,9999.0,9999.0,0.0
10,111,SheriRamshaw,12,Graham Ramshaw ,32.89,33.73,32.89,6.0
11,121,GrahamRamshaw,13,Graham Ramshaw ,28.53,28.58,28.53,6.0
12,,,1,Graham Ramshaw ,,,,4.5
